{"cameraMode":{"drawMode":0,"name":"Shaded","section":"Shading Mode"},"sceneLighting":true,"audioPlay":false,"sceneViewState":{"showFog":true,"showMaterialUpdate":false,"showSkybox":true,"showFlares":true,"showImageEffects":true,"showParticleSystems":true},"in2DMode":false,"pivot":{"x":9.988205909729004,"y":-9.956457138061524,"z":25.04482650756836},"rotation":{"x":-0.26702314615249636,"y":0.17145654559135438,"z":-0.04834103211760521,"w":-0.9470816254615784},"size":21.133766174316408,"orthographic":false}