{"cameraMode":{"drawMode":0,"name":"Shaded","section":"Shading Mode"},"sceneLighting":true,"audioPlay":false,"sceneViewState":{"showFog":false,"showMaterialUpdate":false,"showSkybox":true,"showFlares":false,"showImageEffects":false,"showParticleSystems":false},"in2DMode":false,"pivot":{"x":8.750764846801758,"y":-29.28685760498047,"z":37.36752700805664},"rotation":{"x":-0.3499058485031128,"y":0.07911564409732819,"z":-0.029671192169189454,"w":-0.9329709410667419},"size":33.88239669799805,"orthographic":false}